{"Mouse_sensitivity":0.0430000014603138,"Mouse_wheel_sensitivity":8.932000160217285,"Theme":"Dark"}